{
  "socksip-tunnel": {
    "direct": [
      {
        "id": 1,
        "location": "USA 1",
        "imageUrl": "https://res.cloudinary.com/ddqfmqin7/image/upload/v1741016097/lcrs064d6rwnxobethku.png",
        "downloadUrl": "https://drive.google.com/uc?export=download&id=1-8YTZWY8YYewAFduDDfCJya6KYknLL25",
        "expirationTime": 0,
        "ports": "443/8080/80/3128/2082/53",
        "duration": "2 days",
        "protocol": "TCP, WS, DNS, UDP R"
      },
      {
        "id": 2,
        "location": "USA 2",
        "imageUrl": "https://res.cloudinary.com/ddqfmqin7/image/upload/v1741016097/lcrs064d6rwnxobethku.png",
        "downloadUrl": "https://drive.google.com/uc?export=download&id=1-8YTZWY8YYewAFduDDfCJya6KYknLL25",
        "expirationTime": 0,
        "ports": "443/8080/80/3128/2082/53",
        "duration": "2 days",
        "protocol": "TCP, WS, DNS, UDP R"
      },
      {
        "id": 3,
        "location": "USA 3",
        "imageUrl": "https://res.cloudinary.com/ddqfmqin7/image/upload/v1741016097/lcrs064d6rwnxobethku.png",
        "downloadUrl": "https://example.com/new-vpn.ovpn",
        "expirationTime": 0,
        "ports": "443/8080/80/3128/2082/53",
        "duration": "2 days",
        "protocol": "TCP, WS, DNS, UDP R"
      },
      {
        "id": 4,
        "location": "USA 4",
        "imageUrl": "https://res.cloudinary.com/ddqfmqin7/image/upload/v1741016097/lcrs064d6rwnxobethku.png",
        "downloadUrl": "http://giresse.com",
        "expirationTime": 0,
        "ports": "443/8080/80/3128/2082/53",
        "duration": "2 days",
        "protocol": "TCP, WS, DNS, UDP R"
      },
      {
        "id": 5,
        "location": "USA 5",
        "imageUrl": "https://res.cloudinary.com/ddqfmqin7/image/upload/v1741016097/lcrs064d6rwnxobethku.png",
        "downloadUrl": "https://example.com/new-vpn.ovpn",
        "expirationTime": 0,
        "ports": "443/8080/80/3128/2082/53",
        "duration": "2 days",
        "protocol": "TCP, WS, DNS, UDP R"
      },
      {
        "id": 6,
        "location": "USA 6",
        "imageUrl": "https://res.cloudinary.com/ddqfmqin7/image/upload/v1741016097/lcrs064d6rwnxobethku.png",
        "downloadUrl": "https://example.com/new-vpn.ovpn",
        "expirationTime": 0,
        "ports": "443/8080/80/3128/2082/53",
        "duration": "2 days",
        "protocol": "TCP, WS, DNS, UDP R"
      },
      {
        "id": 7,
        "location": "France 1",
        "imageUrl": "https://res.cloudinary.com/ddqfmqin7/image/upload/v1741016147/x8fsj6dpmofq0yfw1q2w.png",
        "downloadUrl": "https://example.com/new-vpn.ovpn",
        "expirationTime": 0,
        "ports": "443/8080/80/3128/2082/53",
        "duration": "2 days",
        "protocol": "TCP, WS, DNS, UDP R"
      },
      {
        "id": 8,
        "location": "Amsterdam EU 1",
        "imageUrl": "https://res.cloudinary.com/ddqfmqin7/image/upload/v1741016240/envvnvgfywklfxezmq3f.png",
        "downloadUrl": "ndfkkjdklkkmgd,kb,kwf,g,n:;:f,:;n",
        "expirationTime": 0,
        "ports": "443/8080/80/3128/2082/53",
        "duration": "2 days",
        "protocol": "TCP, WS, DNS, UDP R"
      },
      {
        "id": 9,
        "location": "Amsterdam EU 2",
        "imageUrl": "https://res.cloudinary.com/ddqfmqin7/image/upload/v1741016240/envvnvgfywklfxezmq3f.png",
        "downloadUrl": "http://giresse.com",
        "expirationTime": 0,
        "ports": "443/8080/80/3128/2082/53",
        "duration": "2 days",
        "protocol": "TCP, WS, DNS, UDP R"
      }
    ],
    "microsolf": [
      {
        "id": 1,
        "location": "USA 1",
        "imageUrl": "https://res.cloudinary.com/ddqfmqin7/image/upload/v1741016097/lcrs064d6rwnxobethku.png",
        "downloadUrl": "ndfkkjdklkkmgd,kb,kwf,g,n:;:f,:;n",
        "expirationTime": 0,
        "ports": "443/8080/80/3128/2082/53",
        "duration": "2 days",
        "protocol": "TCP, WS, DNS, UDP R"
      },
      {
        "id": 2,
        "location": "USA 2",
        "imageUrl": "https://res.cloudinary.com/ddqfmqin7/image/upload/v1741016097/lcrs064d6rwnxobethku.png",
        "downloadUrl": "https://example.com/new-vpn.ovpn",
        "expirationTime": 0,
        "ports": "443/8080/80/3128/2082/53",
        "duration": "2 days",
        "protocol": "TCP, WS, DNS, UDP R"
      },
      {
        "id": 3,
        "location": "USA 3",
        "imageUrl": "https://res.cloudinary.com/ddqfmqin7/image/upload/v1741016097/lcrs064d6rwnxobethku.png",
        "downloadUrl": "https://example.com/new-vpn.ovpn",
        "expirationTime": 0,
        "ports": "443/8080/80/3128/2082/53",
        "duration": "2 days",
        "protocol": "TCP, WS, DNS, UDP R"
      },
      {
        "id": 4,
        "location": "USA 4",
        "imageUrl": "https://res.cloudinary.com/ddqfmqin7/image/upload/v1741016097/lcrs064d6rwnxobethku.png",
        "downloadUrl": "https://example.com/new-vpn.ovpn",
        "expirationTime": 0,
        "ports": "443/8080/80/3128/2082/53",
        "duration": "2 days",
        "protocol": "TCP, WS, DNS, UDP R"
      },
      {
        "id": 5,
        "location": "USA 5",
        "imageUrl": "https://res.cloudinary.com/ddqfmqin7/image/upload/v1741016097/lcrs064d6rwnxobethku.png",
        "downloadUrl": "https://example.com/new-vpn.ovpn",
        "expirationTime": 0,
        "ports": "443/8080/80/3128/2082/53",
        "duration": "2 days",
        "protocol": "TCP, WS, DNS, UDP R"
      },
      {
        "id": 6,
        "location": "USA 6",
        "imageUrl": "https://res.cloudinary.com/ddqfmqin7/image/upload/v1741016097/lcrs064d6rwnxobethku.png",
        "downloadUrl": "https://example.com/new-vpn.ovpn",
        "expirationTime": 0,
        "ports": "443/8080/80/3128/2082/53",
        "duration": "2 days",
        "protocol": "TCP, WS, DNS, UDP R"
      },
      {
        "id": 7,
        "location": "France 1",
        "imageUrl": "https://res.cloudinary.com/ddqfmqin7/image/upload/v1741016147/x8fsj6dpmofq0yfw1q2w.png",
        "downloadUrl": "https://example.com/new-vpn.ovpn",
        "expirationTime": 0,
        "ports": "443/8080/80/3128/2082/53",
        "duration": "2 days",
        "protocol": "TCP, WS, DNS, UDP R"
      },
      {
        "id": 8,
        "location": "Amsterdam EU 1",
        "imageUrl": "https://res.cloudinary.com/ddqfmqin7/image/upload/v1741016240/envvnvgfywklfxezmq3f.png",
        "downloadUrl": "ndfkkjdklkkmgd,kb,kwf,g,n:;:f,:;n",
        "expirationTime": 0,
        "ports": "443/8080/80/3128/2082/53",
        "duration": "2 days",
        "protocol": "TCP, WS, DNS, UDP R"
      },
      {
        "id": 9,
        "location": "Amsterdam EU 2",
        "imageUrl": "https://res.cloudinary.com/ddqfmqin7/image/upload/v1741016240/envvnvgfywklfxezmq3f.png",
        "downloadUrl": "http://giresse.com",
        "expirationTime": 0,
        "ports": "443/8080/80/3128/2082/53",
        "duration": "2 days",
        "protocol": "TCP, WS, DNS, UDP R"
      }
    ],
    "whatsapp": [
      {
        "id": 1,
        "location": "USA 1",
        "imageUrl": "https://res.cloudinary.com/ddqfmqin7/image/upload/v1741016097/lcrs064d6rwnxobethku.png",
        "downloadUrl": "www.lamos.com",
        "expirationTime": 0,
        "ports": "443/8080/80/3128/2082/53",
        "duration": "2 days",
        "protocol": "TCP, WS, DNS, UDP R"
      },
      {
        "id": 2,
        "location": "USA 2",
        "imageUrl": "https://res.cloudinary.com/ddqfmqin7/image/upload/v1741016097/lcrs064d6rwnxobethku.png",
        "downloadUrl": "le.com",
        "expirationTime": 0,
        "ports": "443/8080/80/3128/2082/53",
        "duration": "2 days",
        "protocol": "TCP, WS, DNS, UDP R"
      },
      {
        "id": 3,
        "location": "USA 3",
        "imageUrl": "https://res.cloudinary.com/ddqfmqin7/image/upload/v1741016097/lcrs064d6rwnxobethku.png",
        "downloadUrl": "https://example.com/new-vpn.ovpn",
        "expirationTime": 0,
        "ports": "443/8080/80/3128/2082/53",
        "duration": "2 days",
        "protocol": "TCP, WS, DNS, UDP R"
      },
      {
        "id": 4,
        "location": "USA 4",
        "imageUrl": "https://res.cloudinary.com/ddqfmqin7/image/upload/v1741016097/lcrs064d6rwnxobethku.png",
        "downloadUrl": "https://example.com/new-vpn.ovpn",
        "expirationTime": 0,
        "ports": "443/8080/80/3128/2082/53",
        "duration": "2 days",
        "protocol": "TCP, WS, DNS, UDP R"
      },
      {
        "id": 5,
        "location": "USA 5",
        "imageUrl": "https://res.cloudinary.com/ddqfmqin7/image/upload/v1741016097/lcrs064d6rwnxobethku.png",
        "downloadUrl": "https://example.com/new-vpn.ovpn",
        "expirationTime": 0,
        "ports": "443/8080/80/3128/2082/53",
        "duration": "2 days",
        "protocol": "TCP, WS, DNS, UDP R"
      },
      {
        "id": 6,
        "location": "USA 6",
        "imageUrl": "https://res.cloudinary.com/ddqfmqin7/image/upload/v1741016097/lcrs064d6rwnxobethku.png",
        "downloadUrl": "https://example.com/new-vpn.ovpn",
        "expirationTime": 0,
        "ports": "443/8080/80/3128/2082/53",
        "duration": "2 days",
        "protocol": "TCP, WS, DNS, UDP R"
      },
      {
        "id": 7,
        "location": "France 1",
        "imageUrl": "https://res.cloudinary.com/ddqfmqin7/image/upload/v1741016147/x8fsj6dpmofq0yfw1q2w.png",
        "downloadUrl": "https://example.com/new-vpn.ovpn",
        "expirationTime": 0,
        "ports": "443/8080/80/3128/2082/53",
        "duration": "2 days",
        "protocol": "TCP, WS, DNS, UDP R"
      },
      {
        "id": 8,
        "location": "Amsterdam EU 1",
        "imageUrl": "https://res.cloudinary.com/ddqfmqin7/image/upload/v1741016240/envvnvgfywklfxezmq3f.png",
        "downloadUrl": "ndfkkjdklkkmgd,kb,kwf,g,n:;:f,:;n",
        "expirationTime": 0,
        "ports": "443/8080/80/3128/2082/53",
        "duration": "2 days",
        "protocol": "TCP, WS, DNS, UDP R"
      },
      {
        "id": 9,
        "location": "Amsterdam EU 2",
        "imageUrl": "https://res.cloudinary.com/ddqfmqin7/image/upload/v1741016240/envvnvgfywklfxezmq3f.png",
        "downloadUrl": "http://giresse.com",
        "expirationTime": 0,
        "ports": "443/8080/80/3128/2082/53",
        "duration": "2 days",
        "protocol": "TCP, WS, DNS, UDP R"
      }
    ]
  },
  "napsternetv": {
    "direct": [
      {
        "id": 1,
        "location": "Random",
        "imageUrl": "https://res.cloudinary.com/ddqfmqin7/image/upload/v1741173235/globe-2026327_1920_sdjqqm.png",
        "downloadUrl": "",
        "expirationTime": 0,
        "ports": "443/8080/80/3128/2082/53",
        "duration": "2 days",
        "protocol": "TCP, WS, DNS, UDP R"
      }
    ],
    "microsolf": [
      {
        "id": 1,
        "location": "Random",
        "imageUrl": "https://res.cloudinary.com/ddqfmqin7/image/upload/v1741173235/globe-2026327_1920_sdjqqm.png",
        "downloadUrl": "ndfkkjdklkkmgd,kb,kwf,g,n:;:f,:;n",
        "expirationTime": 0,
        "ports": "443/8080/80/3128/2082/53",
        "duration": "2 days",
        "protocol": "TCP, WS, DNS, UDP R"
      }
    ]
  },
  "ha-tunnel": {
    "direct": [
      {
        "id": 1,
        "location": "USA 1",
        "imageUrl": "https://res.cloudinary.com/ddqfmqin7/image/upload/v1741016097/lcrs064d6rwnxobethku.png",
        "downloadUrl": "https://drive.google.com/uc?export=download&id=1-8YTZWY8YYewAFduDDfCJya6KYknLL25",
        "expirationTime": 1741609731587,
        "ports": "443/8080/80/3128/2082/53",
        "duration": "2 days",
        "protocol": "TCP, WS, DNS, UDP R"
      },
      {
        "id": 2,
        "location": "Canada 1",
        "imageUrl": "https://res.cloudinary.com/ddqfmqin7/image/upload/v1741175024/b65uesdxghg3neb14fvv.png",
        "downloadUrl": "https://drive.google.com/uc?export=download&id=1-8YTZWY8YYewAFduDDfCJya6KYknLL25",
        "expirationTime": 0,
        "ports": "443/8080/80/3128/2082/53",
        "duration": "2 days",
        "protocol": "TCP, WS, DNS, UDP R"
      },
      {
        "id": 3,
        "location": "Germany 1",
        "imageUrl": "https://res.cloudinary.com/ddqfmqin7/image/upload/v1741175092/o5np6dop5qceerfjyd36.png",
        "downloadUrl": "https://drive.google.com/uc?export=download&id=1-8YTZWY8YYewAFduDDfCJya6KYknLL25",
        "expirationTime": 0,
        "ports": "443/8080/80/3128/2082/53",
        "duration": "2 days",
        "protocol": "TCP, WS, DNS, UDP R"
      },
      {
        "id": 4,
        "location": "UK 1",
        "imageUrl": "https://res.cloudinary.com/ddqfmqin7/image/upload/v1741175187/x82ddv6ixboxrqabythe.png",
        "downloadUrl": "http://giresse.com",
        "expirationTime": 0,
        "ports": "443/8080/80/3128/2082/53",
        "duration": "2 days",
        "protocol": "TCP, WS, DNS, UDP R"
      },
      {
        "id": 5,
        "location": "France 1",
        "imageUrl": "https://res.cloudinary.com/ddqfmqin7/image/upload/v1741016147/x8fsj6dpmofq0yfw1q2w.png",
        "downloadUrl": "https://example.com/new-vpn.ovpn",
        "expirationTime": 0,
        "ports": "443/8080/80/3128/2082/53",
        "duration": "2 days",
        "protocol": "TCP, WS, DNS, UDP R"
      },
      {
        "id": 6,
        "location": "Australia 1",
        "imageUrl": "https://res.cloudinary.com/ddqfmqin7/image/upload/v1741175233/a3dmk0as0wvcptexawcg.png",
        "downloadUrl": "https://example.com/new-vpn.ovpn",
        "expirationTime": 0,
        "ports": "443/8080/80/3128/2082/53",
        "duration": "2 days",
        "protocol": "TCP, WS, DNS, UDP R"
      },
      {
        "id": 7,
        "location": "Brazil 1",
        "imageUrl": "https://res.cloudinary.com/ddqfmqin7/image/upload/v1741175270/gxd2ey6pdo9dfrv9bmnr.png",
        "downloadUrl": "https://example.com/new-vpn.ovpn",
        "expirationTime": 0,
        "ports": "443/8080/80/3128/2082/53",
        "duration": "2 days",
        "protocol": "TCP, WS, DNS, UDP R"
      },
      {
        "id": 8,
        "location": "Singapore 1",
        "imageUrl": "https://res.cloudinary.com/ddqfmqin7/image/upload/v1741175301/yfosxewshnalgyvvsmoz.png",
        "downloadUrl": "ndfkkjdklkkmgd,kb,kwf,g,n:;:f,:;n",
        "expirationTime": 0,
        "ports": "443/8080/80/3128/2082/53",
        "duration": "2 days",
        "protocol": "TCP, WS, DNS, UDP R"
      },
      {
        "id": 9,
        "location": "India 1",
        "imageUrl": "https://res.cloudinary.com/ddqfmqin7/image/upload/v1741175331/llfnvurdck5ezcgfqtdx.png",
        "downloadUrl": "http://giresse.com",
        "expirationTime": 0,
        "ports": "443/8080/80/3128/2082/53",
        "duration": "2 days",
        "protocol": "TCP, WS, DNS, UDP R"
      },
      {
        "id": 10,
        "location": "Amsterdam EU 2",
        "imageUrl": "https://res.cloudinary.com/ddqfmqin7/image/upload/v1741016240/envvnvgfywklfxezmq3f.png",
        "downloadUrl": "http://giresse.com",
        "expirationTime": 0,
        "ports": "443/8080/80/3128/2082/53",
        "duration": "2 days",
        "protocol": "TCP, WS, DNS, UDP R"
      }
    ],
    "microsolf": [
      {
        "id": 1,
        "location": "USA 1",
        "imageUrl": "https://res.cloudinary.com/ddqfmqin7/image/upload/v1741016097/lcrs064d6rwnxobethku.png",
        "downloadUrl": "www.judifreer.com",
        "expirationTime": 0,
        "ports": "443/8080/80/3128/2082/53",
        "duration": "2 days",
        "protocol": "TCP, WS, DNS, UDP R"
      },
      {
        "id": 2,
        "location": "Canada 1",
        "imageUrl": "https://res.cloudinary.com/ddqfmqin7/image/upload/v1741175024/b65uesdxghg3neb14fvv.png",
        "downloadUrl": "https://example.com/new-vpn.ovpn",
        "expirationTime": 0,
        "ports": "443/8080/80/3128/2082/53",
        "duration": "2 days",
        "protocol": "TCP, WS, DNS, UDP R"
      },
      {
        "id": 3,
        "location": "Germany 1",
        "imageUrl": "https://res.cloudinary.com/ddqfmqin7/image/upload/v1741175092/o5np6dop5qceerfjyd36.png",
        "downloadUrl": "https://example.com/new-vpn.ovpn",
        "expirationTime": 0,
        "ports": "443/8080/80/3128/2082/53",
        "duration": "2 days",
        "protocol": "TCP, WS, DNS, UDP R"
      },
      {
        "id": 4,
        "location": "UK 1",
        "imageUrl": "https://res.cloudinary.com/ddqfmqin7/image/upload/v1741175187/x82ddv6ixboxrqabythe.png",
        "downloadUrl": "http://giresse.com",
        "expirationTime": 0,
        "ports": "443/8080/80/3128/2082/53",
        "duration": "2 days",
        "protocol": "TCP, WS, DNS, UDP R"
      },
      {
        "id": 5,
        "location": "France 1",
        "imageUrl": "https://res.cloudinary.com/ddqfmqin7/image/upload/v1741016147/x8fsj6dpmofq0yfw1q2w.png",
        "downloadUrl": "https://example.com/new-vpn.ovpn",
        "expirationTime": 0,
        "ports": "443/8080/80/3128/2082/53",
        "duration": "2 days",
        "protocol": "TCP, WS, DNS, UDP R"
      },
      {
        "id": 6,
        "location": "Australia 1",
        "imageUrl": "https://res.cloudinary.com/ddqfmqin7/image/upload/v1741175233/a3dmk0as0wvcptexawcg.png",
        "downloadUrl": "https://example.com/new-vpn.ovpn",
        "expirationTime": 0,
        "ports": "443/8080/80/3128/2082/53",
        "duration": "2 days",
        "protocol": "TCP, WS, DNS, UDP R"
      },
      {
        "id": 7,
        "location": "Brazil 1",
        "imageUrl": "https://res.cloudinary.com/ddqfmqin7/image/upload/v1741175270/gxd2ey6pdo9dfrv9bmnr.png",
        "downloadUrl": "https://example.com/new-vpn.ovpn",
        "expirationTime": 0,
        "ports": "443/8080/80/3128/2082/53",
        "duration": "2 days",
        "protocol": "TCP, WS, DNS, UDP R"
      },
      {
        "id": 8,
        "location": "Singapore 1",
        "imageUrl": "https://res.cloudinary.com/ddqfmqin7/image/upload/v1741175301/yfosxewshnalgyvvsmoz.png",
        "downloadUrl": "ndfkkjdklkkmgd,kb,kwf,g,n:;:f,:;n",
        "expirationTime": 0,
        "ports": "443/8080/80/3128/2082/53",
        "duration": "2 days",
        "protocol": "TCP, WS, DNS, UDP R"
      },
      {
        "id": 9,
        "location": "India 1",
        "imageUrl": "https://res.cloudinary.com/ddqfmqin7/image/upload/v1741175331/llfnvurdck5ezcgfqtdx.png",
        "downloadUrl": "http://giresse.com",
        "expirationTime": 0,
        "ports": "443/8080/80/3128/2082/53",
        "duration": "2 days",
        "protocol": "TCP, WS, DNS, UDP R"
      },
      {
        "id": 10,
        "location": "Amsterdam EU 2",
        "imageUrl": "https://res.cloudinary.com/ddqfmqin7/image/upload/v1741016240/envvnvgfywklfxezmq3f.png",
        "downloadUrl": "http://giresse.com",
        "expirationTime": 0,
        "ports": "443/8080/80/3128/2082/53",
        "duration": "2 days",
        "protocol": "TCP, WS, DNS, UDP R"
      }
    ],
    "whatsapp": [
      {
        "id": 1,
        "location": "USA 1",
        "imageUrl": "https://res.cloudinary.com/ddqfmqin7/image/upload/v1741016097/lcrs064d6rwnxobethku.png",
        "downloadUrl": "www.judifreer.com",
        "expirationTime": 0,
        "ports": "443/8080/80/3128/2082/53",
        "duration": "2 days",
        "protocol": "TCP, WS, DNS, UDP R"
      },
      {
        "id": 2,
        "location": "Canada 1",
        "imageUrl": "https://res.cloudinary.com/ddqfmqin7/image/upload/v1741175024/b65uesdxghg3neb14fvv.png",
        "downloadUrl": "https://example.com/new-vpn.ovpn",
        "expirationTime": 0,
        "ports": "443/8080/80/3128/2082/53",
        "duration": "2 days",
        "protocol": "TCP, WS, DNS, UDP R"
      },
      {
        "id": 3,
        "location": "Germany 1",
        "imageUrl": "https://res.cloudinary.com/ddqfmqin7/image/upload/v1741175092/o5np6dop5qceerfjyd36.png",
        "downloadUrl": "https://example.com/new-vpn.ovpn",
        "expirationTime": 0,
        "ports": "443/8080/80/3128/2082/53",
        "duration": "2 days",
        "protocol": "TCP, WS, DNS, UDP R"
      },
      {
        "id": 4,
        "location": "UK 1",
        "imageUrl": "https://res.cloudinary.com/ddqfmqin7/image/upload/v1741175187/x82ddv6ixboxrqabythe.png",
        "downloadUrl": "http://giresse.com",
        "expirationTime": 0,
        "ports": "443/8080/80/3128/2082/53",
        "duration": "2 days",
        "protocol": "TCP, WS, DNS, UDP R"
      },
      {
        "id": 5,
        "location": "France 1",
        "imageUrl": "https://res.cloudinary.com/ddqfmqin7/image/upload/v1741016147/x8fsj6dpmofq0yfw1q2w.png",
        "downloadUrl": "https://example.com/new-vpn.ovpn",
        "expirationTime": 0,
        "ports": "443/8080/80/3128/2082/53",
        "duration": "2 days",
        "protocol": "TCP, WS, DNS, UDP R"
      },
      {
        "id": 6,
        "location": "Australia 1",
        "imageUrl": "https://res.cloudinary.com/ddqfmqin7/image/upload/v1741175233/a3dmk0as0wvcptexawcg.png",
        "downloadUrl": "https://example.com/new-vpn.ovpn",
        "expirationTime": 0,
        "ports": "443/8080/80/3128/2082/53",
        "duration": "2 days",
        "protocol": "TCP, WS, DNS, UDP R"
      },
      {
        "id": 7,
        "location": "Brazil 1",
        "imageUrl": "https://res.cloudinary.com/ddqfmqin7/image/upload/v1741175270/gxd2ey6pdo9dfrv9bmnr.png",
        "downloadUrl": "https://example.com/new-vpn.ovpn",
        "expirationTime": 0,
        "ports": "443/8080/80/3128/2082/53",
        "duration": "2 days",
        "protocol": "TCP, WS, DNS, UDP R"
      },
      {
        "id": 8,
        "location": "Singapore 1",
        "imageUrl": "https://res.cloudinary.com/ddqfmqin7/image/upload/v1741175301/yfosxewshnalgyvvsmoz.png",
        "downloadUrl": "ndfkkjdklkkmgd,kb,kwf,g,n:;:f,:;n",
        "expirationTime": 0,
        "ports": "443/8080/80/3128/2082/53",
        "duration": "2 days",
        "protocol": "TCP, WS, DNS, UDP R"
      },
      {
        "id": 9,
        "location": "India 1",
        "imageUrl": "https://res.cloudinary.com/ddqfmqin7/image/upload/v1741175331/llfnvurdck5ezcgfqtdx.png",
        "downloadUrl": "http://giresse.com",
        "expirationTime": 0,
        "ports": "443/8080/80/3128/2082/53",
        "duration": "2 days",
        "protocol": "TCP, WS, DNS, UDP R"
      },
      {
        "id": 10,
        "location": "Amsterdam EU 2",
        "imageUrl": "https://res.cloudinary.com/ddqfmqin7/image/upload/v1741016240/envvnvgfywklfxezmq3f.png",
        "downloadUrl": "http://giresse.com",
        "expirationTime": 0,
        "ports": "443/8080/80/3128/2082/53",
        "duration": "2 days",
        "protocol": "TCP, WS, DNS, UDP R"
      }
    ]
  },
  "stark-vpn": {
    "direct": [
      {
        "id": 1,
        "location": "Random",
        "imageUrl": "https://res.cloudinary.com/ddqfmqin7/image/upload/v1741173235/globe-2026327_1920_sdjqqm.png",
        "downloadUrl": "www.judifreer.com",
        "expirationTime": 0,
        "ports": "443/8080/80/3128/2082/53",
        "duration": "2 days",
        "protocol": "TCP, WS, DNS, UDP R"
      }
    ],
    "microsolf": [
      {
        "id": 1,
        "location": "Random",
        "imageUrl": "https://res.cloudinary.com/ddqfmqin7/image/upload/v1741173235/globe-2026327_1920_sdjqqm.png",
        "downloadUrl": "ndfkkjdklkkmgd,kb,kwf,g,n:;:f,:;n",
        "expirationTime": 0,
        "ports": "443/8080/80/3128/2082/53",
        "duration": "2 days",
        "protocol": "TCP, WS, DNS, UDP R"
      }
    ],
    "whatsapp": [
      {
        "id": 1,
        "location": "Random",
        "imageUrl": "https://res.cloudinary.com/ddqfmqin7/image/upload/v1741173235/globe-2026327_1920_sdjqqm.png",
        "downloadUrl": "ndfkkjdklkkmgd,kb,kwf,g,n:;:f,:;n",
        "expirationTime": 0,
        "ports": "443/8080/80/3128/2082/53",
        "duration": "2 days",
        "protocol": "TCP, WS, DNS, UDP R"
      }
    ]
  },
  "http-injector": {
    "direct": [
      {
        "id": 1,
        "location": "Random",
        "imageUrl": "https://res.cloudinary.com/ddqfmqin7/image/upload/v1741173235/globe-2026327_1920_sdjqqm.png",
        "downloadUrl": "www.judifreer.com",
        "expirationTime": 0,
        "ports": "443/8080/80/3128/2082/53",
        "duration": "2 days",
        "protocol": "TCP, WS, DNS, UDP R"
      }
    ]
  },
  "dark-tunnel": {
    "direct": [
      {
        "id": 1,
        "location": "Random",
        "imageUrl": "https://res.cloudinary.com/ddqfmqin7/image/upload/v1741173235/globe-2026327_1920_sdjqqm.png",
        "downloadUrl": "www.judifreer.com",
        "expirationTime": 0,
        "ports": "443/8080/80/3128/2082/53",
        "duration": "2 days",
        "protocol": "TCP, WS, DNS, UDP R"
      }
    ],
    "whatsapp": [
      {
        "id": 1,
        "location": "Random",
        "imageUrl": "https://res.cloudinary.com/ddqfmqin7/image/upload/v1741173235/globe-2026327_1920_sdjqqm.png",
        "downloadUrl": "ndfkkjdklkkmgd,kb,kwf,g,n:;:f,:;n",
        "expirationTime": 0,
        "ports": "443/8080/80/3128/2082/53",
        "duration": "2 days",
        "protocol": "TCP, WS, DNS, UDP R"
      }
    ]
  },
  "ssh-custom": {
    "microsolf": [
      {
        "id": 1,
        "location": "Random",
        "imageUrl": "https://res.cloudinary.com/ddqfmqin7/image/upload/v1741173235/globe-2026327_1920_sdjqqm.png",
        "downloadUrl": "www.judifreer.com",
        "expirationTime": 0,
        "ports": "443/8080/80/3128/2082/53",
        "duration": "2 days",
        "protocol": "TCP, WS, DNS, UDP R"
      }
    ]
  },
  "http-custom": {
    "whatsapp": [
      {
        "id": 1,
        "location": "Random",
        "imageUrl": "https://res.cloudinary.com/ddqfmqin7/image/upload/v1741173235/globe-2026327_1920_sdjqqm.png",
        "downloadUrl": "www.judifreer.com",
        "expirationTime": 0,
        "ports": "443/8080/80/3128/2082/53",
        "duration": "2 days",
        "protocol": "TCP, WS, DNS, UDP R"
      }
    ],
    "moov": [
      {
        "id": 1,
        "location": "Random",
        "imageUrl": "https://res.cloudinary.com/ddqfmqin7/image/upload/v1741173235/globe-2026327_1920_sdjqqm.png",
        "downloadUrl": "www.judifreer.com",
        "expirationTime": 0,
        "ports": "443/8080/80/3128/2082/53",
        "duration": "2 days",
        "protocol": "TCP, WS, DNS, UDP R"
      }
    ]
  }
}
